id,max_similarity,avg_similarity,probability
82131f68,0.1448275862068965,0.0636679000036834,0.06
86fe4f18,0.1644736842105263,0.0674931118325208,0.12
eafb8a56,0.12,0.0597684695320461,0.06
a511f0bc,0.1403846153846153,0.0538546842037545,1.0
0a033739,0.167381974248927,0.0564572142739314,0.98
06d56ad2,0.1650943396226415,0.061349303687279,1.0
7f538f69,0.1753554502369668,0.0543009415174034,1.0
ca6a4ffa,0.1836228287841191,0.0725741679350282,0.96
c1b6e35d,0.1711026615969581,0.069105663070521,1.0
530db8f9,0.2031746031746031,0.0667160923439356,1.0
f4071e8d,0.1791044776119403,0.0728515998620142,1.0
ba80415c,0.197841726618705,0.0617367533214813,1.0
c295efca,0.1906614785992217,0.0682456833526647,0.96
f86e19b5,0.1705202312138728,0.0622981820652169,0.98
a667adce,0.1708185053380783,0.0603485282559085,0.98
30642e69,0.195710455764075,0.0687837971712217,1.0
2e6f2a2f,0.1580882352941176,0.0565759790802146,1.0
86c6b190,0.1266094420600858,0.0502708067987519,0.96
00d29ad8,0.235576923076923,0.0666674095058383,0.98
80abfc8e,0.1676300578034682,0.0569354333766281,0.98
fdd11172,0.1555555555555555,0.0602229829818582,1.0
e238ec15,0.16,0.0621541179949413,0.98
f26c2adf,0.1614173228346456,0.0626217414674224,1.0
13adb48d,0.1662468513853904,0.0602689204638502,0.98
63f0c531,0.1934426229508196,0.0698581328529705,0.98
0d8bdb97,0.1777108433734939,0.0603247759465212,0.98
ae01436c,0.1612903225806451,0.0622709063296204,0.96
a98632bd,0.1776061776061776,0.0674783685363279,0.98
24ae5d01,0.18359375,0.0666638308559839,0.98
3878c1fe,0.1773778920308483,0.0617367824673349,1.0
9f6754ab,0.231578947368421,0.0720963038283525,0.96
e882aac4,0.1762820512820513,0.0673072691797469,0.98
16bcc89d,0.1909385113268608,0.0665400754491896,0.96
79284d82,0.1705426356589147,0.0664206245529759,0.86
6eda1fe2,0.164,0.0607714047584621,1.0
017c8dfd,0.1759259259259259,0.0670563961544389,0.96
5e39e074,0.1972318339100346,0.0727795706008443,0.96
7847edc8,0.1732522796352583,0.0641900736014228,1.0
c6f5f527,0.193103448275862,0.0719624070608929,0.94
273fb7e3,0.1576354679802955,0.0610510226145058,0.98
79c2cd4e,0.1483679525222551,0.0648310821035886,1.0
7968389b,0.1749408983451536,0.0632670114619055,0.98
8ee3c770,0.1449814126394052,0.0569421901005641,0.96
2864a85f,0.2006079027355623,0.0705408111082489,0.92
4cbbcbab,0.1942148760330578,0.0789359162916773,0.98
9e3048b0,0.1639004149377593,0.0525685365820704,0.98
4dbdf03e,0.1319648093841642,0.0548320703237161,0.98
5884b62d,0.1592689295039164,0.0520324877332405,1.0
3909ff83,0.2675438596491228,0.0753299071904207,0.86
1a54ec06,0.1518691588785046,0.0618153162490609,1.0
adba97b8,0.1418181818181818,0.0540447744707708,0.96
6ea6ef98,0.1478439425051334,0.054901410343686,0.98
11018a89,0.1666666666666666,0.063247484765991,1.0
3cf1588a,0.1708683473389355,0.0650060046269379,1.0
ea196aa9,0.1496062992125984,0.0595776863158498,0.92
98b27f17,0.1402298850574712,0.0503889820185986,0.98
b35446ee,0.1375,0.0538524951944419,1.0
7547b2ea,0.1901408450704225,0.0698821693698024,0.84
a5eb6a95,0.1694915254237288,0.0706688683399844,1.0
a810c6f3,0.1642512077294686,0.0584653506733121,0.96
b7141842,0.180327868852459,0.0598973943219182,1.0
0cd5539a,0.1595505617977528,0.0577366080365843,0.98
2cea6c21,0.1694915254237288,0.0695041301148427,0.96
edb3babf,0.1419068736141907,0.0529758330613958,1.0
1cefe1cf,0.1939655172413793,0.0731181551556998,0.96
3eb9cd7f,0.131578947368421,0.0496711768856171,1.0
45286283,0.2347417840375587,0.0706424207604298,0.98
771c80e0,0.1647058823529411,0.0668807525516642,0.94
b589d344,0.2077922077922078,0.0654130498237102,1.0
24efa298,0.1876675603217158,0.0704376265823402,0.98
0633212a,0.1589958158995816,0.0641581523957867,1.0
834701f8,0.1415313225058004,0.0518702446322005,1.0
6541ee11,0.1597222222222222,0.0624484685731904,1.0
0bb3086e,0.2190201729106628,0.0808671987584859,0.98
97254887,0.1648351648351648,0.0673206991053564,0.98
2ab787ed,0.1865079365079365,0.0625651452001493,0.98
9e6d1040,0.224669603524229,0.0642691485305979,0.96
3a3f9a7f,0.1904761904761904,0.0719366667159593,1.0
04f62e3e,0.2073170731707317,0.070467618544256,0.98
2008983f,0.2050473186119873,0.0765475710552673,0.96
e9710780,0.169172932330827,0.0727821222498683,1.0
8ce13d48,0.1383647798742138,0.0538718493398007,0.98
7fe0dcf5,0.1522491349480969,0.0610707425649166,1.0
a902a7e3,0.1710914454277286,0.0634660564803099,1.0
3000d255,0.2,0.0619676593872863,0.96
6cc402e6,0.2185089974293059,0.0747334660080562,1.0
fa41f844,0.1529850746268656,0.0537244729512494,0.96
f5bde685,0.1457142857142857,0.0574231748552211,1.0
eec03528,0.2139737991266375,0.0638996527555833,0.92
475befc8,0.1583333333333333,0.0605236319268078,0.96
24e97a23,0.1705685618729097,0.0675740057194497,1.0
b66a91c4,0.195906432748538,0.0780851642500701,0.96
89c33993,0.1699029126213592,0.0607659428784049,0.96
de89a13c,0.2140845070422535,0.075427486552706,0.92
219280fe,0.1915708812260536,0.0772099010614535,1.0
d967d16c,0.1342281879194631,0.0539766951519723,1.0
c489909b,0.1590106007067137,0.0663349464434926,0.98
ae18d0b2,0.1409921671018277,0.0543726967423513,1.0
858ecc82,0.1641791044776119,0.0699298939351343,0.82
fe86d424,0.1796407185628742,0.060477214513853,0.96
8206d980,0.1679389312977099,0.0637678594904002,1.0
25cb9b5e,0.1731843575418994,0.068497141145993,1.0
e737d7ca,0.1785714285714285,0.0683680305470397,0.98
a37ef119,0.2,0.0710053929854512,0.98
743e0a95,0.1909090909090909,0.0590074112460724,1.0
35d3558a,0.152073732718894,0.0584765561670214,1.0
18c0d744,0.1630901287553648,0.066492399525067,1.0
1a15685b,0.1599045346062052,0.0572784607993343,0.9
f0246f90,0.1699604743083003,0.0683808106749291,0.98
7f009afb,0.1474926253687315,0.056091668668041,0.98
acec0a2b,0.1948051948051948,0.0741184207530435,1.0
a3b7fbf9,0.1823204419889502,0.0677014503468405,0.94
4759cd4d,0.1752136752136752,0.0649917852162435,0.98
df20f0d5,0.1658653846153846,0.0630189871577443,1.0
7a11706a,0.1913357400722021,0.072445228915389,0.98
6353821d,0.1856540084388185,0.0628076755912455,0.98
e2feb1c3,0.1625441696113074,0.06185682457915,1.0
73b9d12c,0.145933014354067,0.0591693288702167,1.0
7817ceda,0.1666666666666666,0.0586142532068802,0.98
1aeec507,0.1877637130801688,0.0670913707080856,1.0
cc2759be,0.1724137931034483,0.0592409182057416,0.94
13297583,0.174757281553398,0.0604766020051336,1.0
c39e2cb0,0.1734317343173431,0.0704946523158715,1.0
10c6d368,0.1572327044025157,0.0603141365985503,1.0
62ae21b8,0.138047138047138,0.0584365795299684,1.0
ae2351f4,0.1739130434782608,0.0673725621664907,0.96
cead8069,0.1818181818181818,0.0550568901100875,0.88
67d20374,0.1691394658753709,0.067638750846665,0.98
143d5f68,0.1828358208955224,0.0546427833748037,0.98
f3d7c73e,0.1978319783197832,0.0695014139860345,1.0
bc143b76,0.1762820512820513,0.0704586693077853,0.98
1f0f95d4,0.1578947368421052,0.0558815694385156,0.98
e4ab9f97,0.1677419354838709,0.067171321967741,1.0
f4a235eb,0.1709844559585492,0.0661949681715056,0.96
9522456a,0.1877394636015325,0.0739204088123454,1.0
328e8761,0.1616766467065868,0.05445241646336,1.0
62fab12d,0.1760299625468165,0.0695418200189008,1.0
15cb2acc,0.1826347305389221,0.0620576418551402,1.0
cf816ba5,0.2125603864734299,0.0640686509944121,1.0
559f290a,0.2027491408934708,0.064219559563494,0.98
b7f43eb8,0.196078431372549,0.0636885308151746,0.98
57f15024,0.177257525083612,0.0604852301009427,0.98
7f2134e2,0.1597444089456869,0.062246239895057,0.88
4e2ee373,0.1716171617161716,0.0559787926143348,1.0
472f6205,0.211864406779661,0.0826182596091005,0.88
eb2461c5,0.1619047619047619,0.0611253230223992,0.96
f56df6ef,0.2254901960784313,0.072796567460608,0.88
a217315e,0.1821192052980132,0.0614321113544301,0.98
73c42406,0.1563786008230452,0.0616094635991368,1.0
02dea003,0.143646408839779,0.0601498297184528,0.98
bc890a6a,0.150887573964497,0.0598841130566509,1.0
9045aa91,0.1549295774647887,0.0595340200475537,0.98
88d0782b,0.1828793774319066,0.0692803619222554,1.0
c045b838,0.1419354838709677,0.0548939242639785,1.0
b300ee1a,0.1522491349480969,0.0628445812540773,0.96
af2f6294,0.1425233644859813,0.0516034839911321,1.0
9fa02c38,0.1538461538461538,0.0607356436622003,1.0
b0ecb8ad,0.1635071090047393,0.0637345762513311,0.98
9bc7766e,0.1673151750972762,0.06235197349375,0.94
d298af1c,0.1651982378854625,0.0637469094733615,0.96
0855134c,0.1776061776061776,0.0694210309663049,1.0
92ebb7dd,0.1703703703703703,0.0645695750984372,0.98
cc37f112,0.1513944223107569,0.0562206197330799,1.0
e5528676,0.1880597014925373,0.0661392445832002,1.0
21106c1b,0.2356020942408377,0.06674901524691,0.88
0a243fcd,0.1643835616438356,0.0662904920272206,1.0
579fbb04,0.1953125,0.066381562717081,1.0
abffa1d0,0.1552346570397112,0.0598367772450205,0.94
09b81cc3,0.1889763779527559,0.0562245585074572,1.0
9efcea4f,0.2005571030640668,0.0736910272530681,0.98
8457961d,0.1674641148325359,0.057278040840915,0.98
7b5ad302,0.1749174917491749,0.068063361301951,0.98
1164944c,0.1702898550724637,0.062522142936642,0.98
d95d462d,0.2083333333333333,0.07352406028844,1.0
0f69ca81,0.1696750902527075,0.0570473212501335,0.96
6c3dacf8,0.2018927444794952,0.0658277797496997,1.0
8b62a3e9,0.1811320754716981,0.0689769781102208,1.0
6f8dcd96,0.1939546599496221,0.071252934931762,0.96
de6ad3e8,0.1798561151079136,0.0623465504108741,1.0
82b94bd0,0.1790633608815427,0.0667101971259664,1.0
6427787b,0.1587301587301587,0.0604570448057935,0.98
c86e245b,0.1798107255520504,0.0704541042005743,1.0
6eeed37f,0.1726618705035971,0.0524215792793889,0.98
7c3ea3ff,0.1435406698564593,0.0524042435886985,1.0
6cd3c193,0.1684587813620071,0.0667917338692022,0.98
1ada63db,0.1886227544910179,0.065379148855875,0.98
487e829b,0.1638418079096045,0.0658633095298135,0.92
74c7259c,0.1570048309178744,0.0653714607449769,0.98
69e8ab8c,0.1885964912280701,0.0669816896840822,0.88
ecf45146,0.1734417344173441,0.0623138354807192,1.0
7970cca6,0.1567398119122257,0.0633612253308901,1.0
e787a9bc,0.1285714285714285,0.0459272345977876,1.0
222dad25,0.1784232365145228,0.0608019258631393,0.98
75dc785a,0.18,0.0722359536040919,0.94
9c5e6632,0.1646586345381526,0.0645089986434079,0.96
48328b67,0.2040816326530612,0.0694748891277716,1.0
daf004a4,0.2196969696969697,0.0745461054985598,0.96
70bb62e6,0.1676646706586826,0.0640122951731186,1.0
41a28d7b,0.1830357142857142,0.0720316948640932,0.96
8251f215,0.1607629427792915,0.0575153211009135,1.0
e56aed5b,0.2262773722627737,0.0622981510502118,0.94
72c15c79,0.1510989010989011,0.0589261971464699,0.98
f5497e5e,0.1700404858299595,0.0639597718930454,1.0
59e7e83f,0.1835106382978723,0.0667756789249621,1.0
8d9d4e53,0.1706484641638225,0.066069526172961,0.98
749bb347,0.1687979539641943,0.0680406875458198,0.98
7a159a07,0.1681818181818181,0.061685507091992,0.94
0b209093,0.1439588688946015,0.0571705509793981,1.0
275475a1,0.1791044776119403,0.0689193064103668,0.98
d95a7743,0.1683168316831683,0.0660254968864801,0.94
c5a1adfb,0.1967213114754098,0.0688858183242866,1.0
4ddbd4e0,0.15,0.0593084262131726,1.0
ba9f808b,0.1868131868131868,0.0706404946582417,0.84
a4073379,0.1405895691609977,0.0500839830041175,0.98
d2d28568,0.1654929577464788,0.0668398423158667,0.96
a221f403,0.1422845691382765,0.0499100678353477,1.0
cae225ba,0.1621621621621621,0.063748917477716,0.92
ed32aa9e,0.2138157894736842,0.0737957039662878,0.96
d8e991e4,0.159533073929961,0.0670012943666314,1.0
794b009a,0.1862464183381088,0.0682110228932396,1.0
ef4e856b,0.1524163568773234,0.061973244732023,1.0
e54fb1c2,0.1786743515850144,0.0607756515030342,1.0
9de3ea69,0.2454545454545454,0.0816153107825614,0.98
df440497,0.2238805970149253,0.0741550549137308,0.96
0de78c9a,0.167910447761194,0.0592482172381715,1.0
1d84bb61,0.1640866873065015,0.0569817362338726,1.0
f8923949,0.1990950226244343,0.0726172167841232,0.96
2be911f4,0.1900826446280991,0.0707599391855384,0.92
9b1077a6,0.1716171617161716,0.0624721900988805,0.98
86448604,0.203125,0.0708185807515643,1.0
60df997c,0.160655737704918,0.0700758316727611,1.0
3d4117bd,0.1712538226299694,0.0669030592202546,0.96
d7f77a0a,0.178030303030303,0.0584358358260499,0.98
d144e4e4,0.1413502109704641,0.0539449189345529,1.0
7ae195e7,0.1977611940298507,0.0771183826838667,0.96
dd78d7cf,0.1347150259067357,0.0516481013566809,1.0
5a6065c9,0.1913357400722021,0.0721292270050241,1.0
1587d6d5,0.1523809523809524,0.0523835612701756,0.98
9bd68ded,0.1836065573770491,0.0706648975374338,0.98
d16ca17a,0.1926121372031662,0.069689866960353,0.98
16cc4b01,0.2533333333333333,0.0737138752355333,0.92
5a6c0d38,0.2066869300911854,0.0715508207806405,0.88
e3e60989,0.1984126984126984,0.0642086543341495,0.94
bfaf95bf,0.1599190283400809,0.057390039113006,0.98
3a72e76b,0.1888888888888888,0.0565859705540928,1.0
a078caa3,0.1675,0.0601273900139554,1.0
d7c2a723,0.1713147410358565,0.0646725679617076,0.96
edccf8cb,0.1535087719298245,0.0667242509549632,0.94
40d94b5f,0.1538461538461538,0.0634628798185228,0.94
5fae69f8,0.1482412060301507,0.056519677303834,0.96
57136f58,0.1796875,0.0643820477768853,1.0
f911ec78,0.1766917293233082,0.0690398571948003,0.96
6cfc49e8,0.2183406113537118,0.0668654608001703,0.96
a22a9430,0.1383177570093458,0.0482677136448241,0.98
27f87884,0.209205020920502,0.0721172992058736,0.96
35eaed08,0.1461538461538461,0.0546627745615819,1.0
5d6469a1,0.2039215686274509,0.0790596623004733,0.98
36166acc,0.1791443850267379,0.0629349720901149,0.96
e3e77b5c,0.1847826086956521,0.062174991908263,1.0
2690b07f,0.1983240223463687,0.077510581438015,0.94
fc223ef5,0.1626016260162601,0.0643051579095806,1.0
892869fe,0.2,0.0735713861761,1.0
f41ecb49,0.2,0.0752833002498325,0.98
51575c07,0.1730205278592375,0.0636519445375018,0.94
9ea4e294,0.1615384615384615,0.0617400085870253,1.0
92f658a6,0.1836734693877551,0.0664806754938397,0.96
f964c8ed,0.2100840336134453,0.0753720794034883,0.98
89e7bfbb,0.1677018633540372,0.0633005393582568,1.0
5ef74ade,0.1798561151079136,0.0674319040155438,1.0
f175255a,0.1759581881533101,0.0598130469752686,1.0
e3664f9b,0.1814516129032258,0.068514353164185,1.0
44087166,0.1216216216216216,0.0441589590748556,1.0
2a601d6c,0.2039800995024875,0.0548097212984483,0.96
f9d030ba,0.1564625850340136,0.0582603335713895,1.0
bf0ff2dd,0.159533073929961,0.065318903842268,0.98
81ab6dbc,0.1708683473389355,0.0658071817052864,0.96
3547fc75,0.1716417910447761,0.0621112546164411,1.0
314126d5,0.1658878504672897,0.0617808126251261,1.0
d9bf2185,0.211453744493392,0.0636051611950805,0.94
2580bafd,0.1657142857142857,0.0580320570930546,1.0
7567f86a,0.1553030303030303,0.0578955768058675,1.0
413eb04b,0.2045454545454545,0.073908187497462,0.94
ee2d6b02,0.1851851851851851,0.0536659330991272,0.92
f61ffd4e,0.1671469740634005,0.0648198725427928,0.9
35971594,0.1684981684981685,0.0616744027289782,1.0
2f06b08e,0.211864406779661,0.0831429141572763,0.96
542c011f,0.2095238095238095,0.0559335327627449,0.98
b9502bdf,0.1723237597911227,0.0654261383776242,0.94
63469403,0.1935483870967742,0.0667968340314881,0.96
c4e81fd8,0.1540469973890339,0.0600002107612903,0.96
ead96a52,0.1867704280155642,0.0721580439778923,1.0
7757babd,0.1890410958904109,0.0721702765664574,0.96
4a4a62e7,0.1532846715328467,0.0642918738618127,0.96
8b9df79d,0.1577909270216962,0.0569385570919791,0.98
99602878,0.157190635451505,0.0628995887731986,1.0
0d099ebd,0.1727272727272727,0.0673313276696159,0.98
367aac17,0.205761316872428,0.0679645788663718,1.0
8246950f,0.1638888888888889,0.0628389310213164,0.98
862bac92,0.1580882352941176,0.0662160130508095,1.0
88e0fbc7,0.1771117166212534,0.0637164560943554,1.0
9c2c6a24,0.2098214285714285,0.0702660309366283,0.96
8c7b983e,0.1939890710382513,0.0672139818100426,0.98
cda4636d,0.1788321167883211,0.072203104626912,0.98
d26912f8,0.1656050955414012,0.0583539720714351,1.0
4f2dbd01,0.1711026615969581,0.0606025057091597,1.0
fd2f6fc0,0.1844919786096256,0.071333732205809,1.0
e5832df5,0.2241379310344827,0.0672487007215825,1.0
2996cd15,0.2098765432098765,0.06986564771151,1.0
718cbe82,0.1830357142857142,0.0632120746946566,1.0
d280fdff,0.1699779249448123,0.0571812243499367,1.0
836f27aa,0.1508620689655172,0.0588368040141294,0.98
929735fc,0.1661971830985915,0.0610102870136779,1.0
f144b233,0.1735849056603773,0.0684791273512236,1.0
57788d4e,0.1483253588516746,0.0544366234322481,1.0
222e3e4f,0.1507936507936507,0.06538146070417,0.98
b061186c,0.1933701657458563,0.0688705375043418,1.0
cee99958,0.1521739130434782,0.0545049647569442,0.96
2a657b48,0.2176165803108808,0.0726625638725211,1.0
b1319b6a,0.1877133105802047,0.0709268347570284,1.0
2b616e69,0.2256944444444444,0.0775477542069691,0.96
da3ffb55,0.1821862348178137,0.0716930663801588,0.94
55748e5a,0.1835748792270531,0.0702935472253664,1.0
30cb3043,0.1703703703703703,0.0580143861819131,0.98
04bb61fd,0.1534653465346534,0.0647322070149374,1.0
ccf4c7bf,0.1881533101045296,0.0637626398760686,1.0
9c5ffec4,0.1377777777777777,0.04802157639922,1.0
2a450eb2,0.21875,0.0713350118944397,0.98
5376a51e,0.1518987341772152,0.054206701002082,0.98
354f75bf,0.1770334928229665,0.0715271085363649,0.96
61f8ec93,0.1718309859154929,0.0642091529500536,0.98
056baca0,0.1701492537313433,0.0702141515691175,1.0
b8e65652,0.1590214067278287,0.0648651373061472,0.94
49ac9ea7,0.2040816326530612,0.0761954504126261,1.0
904cc226,0.2038043478260869,0.0785131726216236,1.0
9cd56301,0.1675392670157068,0.0677761197552714,0.96
18ded39e,0.1422413793103448,0.0541632634536872,1.0
f7cb1215,0.182648401826484,0.0621499391571422,1.0
f4119a2d,0.1959459459459459,0.0660498655335589,0.98
60cfb936,0.1752988047808765,0.0611460973532531,0.98
fb482424,0.1910377358490566,0.0694439308332874,1.0
3ca6825f,0.1984126984126984,0.0748253353663185,0.98
6e765819,0.2012383900928792,0.0710861885630382,1.0
f01363c6,0.1936936936936936,0.0722325994018097,1.0
6a8e4ede,0.1780821917808219,0.062916317980366,0.98
8488240f,0.198237885462555,0.06475947942298,0.96
895e50ec,0.1530343007915567,0.0633433705778604,1.0
b856231e,0.2008547008547008,0.0828801566716322,0.96
d212519d,0.1528301886792452,0.0622264599527417,1.0
5dd97bc0,0.1806853582554517,0.0705586782863408,1.0
52ed4cc0,0.1676300578034682,0.0637368130231012,0.96
7c951637,0.1800766283524904,0.0600529155429682,1.0
13052a40,0.1979434447300771,0.0682130894774332,0.98
21dba605,0.1525423728813559,0.0584403461928764,1.0
c1791eac,0.1675675675675675,0.0579112566387176,0.98
ed09951e,0.1829268292682926,0.0770952936487973,0.94
322288b4,0.2092198581560283,0.0721590043776829,0.9
aeeaa0fb,0.1655405405405405,0.0663013677242615,1.0
cf0155ed,0.1889250814332247,0.068204875010912,0.98
a0863fc6,0.1834061135371179,0.0680883303641605,0.98
3d531f4a,0.180327868852459,0.0635529328987484,0.96
43798c25,0.1685823754789272,0.05153071170092,0.96
21e8c5ee,0.1687116564417178,0.062236866119049,0.96
00d84e0d,0.167192429022082,0.0731319244017546,1.0
11c47a9c,0.1580188679245283,0.057770707893708,0.94
45804356,0.2226720647773279,0.0729147244381746,0.94
0eda6430,0.1674107142857142,0.0578448112668522,1.0
919bd29b,0.197841726618705,0.0708628233237239,1.0
aa62cdf5,0.1488833746898263,0.0516892724313848,1.0
32600e79,0.1912751677852349,0.0795356089497931,1.0
9a831d52,0.1684491978609625,0.065614346286919,0.98
1d504c57,0.218978102189781,0.0776092405303077,1.0
e9ce16e1,0.154696132596685,0.0622380664430369,0.98
d9b57dd2,0.1809954751131221,0.065304506107672,0.96
6df89288,0.1485587583148558,0.055410886397797,1.0
900a5035,0.1557093425605536,0.0625265522417057,1.0
9ecef74c,0.1967741935483871,0.0710053725954635,0.94
0c40ce06,0.1904761904761904,0.0541391686770076,1.0
f9433fd9,0.1694915254237288,0.0573912453430504,0.96
5b1ba659,0.193050193050193,0.0730083131561791,0.98
9181c5b2,0.1670886075949367,0.0587461396695954,1.0
70a21327,0.1877729257641921,0.0720630399005311,0.94
f4cc80b5,0.1752873563218391,0.0724009156340614,1.0
90cfedfe,0.1841269841269841,0.0651691037701603,1.0
e3592553,0.1788235294117647,0.0682627532391217,0.98
51696190,0.176056338028169,0.0613785447156703,0.96
2fc36214,0.1542857142857142,0.0618699733538896,1.0
58039f88,0.1735294117647058,0.0705116704321321,1.0
a4d4118a,0.2108108108108108,0.0689358180288933,1.0
69eb20bb,0.156,0.0651166105414631,1.0
3a6d746f,0.150375939849624,0.0582359166063614,1.0
5180095e,0.1724137931034483,0.0706225830039777,0.94
daa93c6d,0.1714285714285714,0.062876639835573,0.86
9acd9564,0.1742738589211618,0.0544814018797895,0.98
ffcd7584,0.1611111111111111,0.0652680824867424,1.0
6a13dbb6,0.1633333333333333,0.0683343389360543,0.98
955f10c2,0.1972602739726027,0.0693363335197048,0.98
d7aa5017,0.1648745519713261,0.0529584363727262,1.0
362cf234,0.1901041666666666,0.0734430749866845,1.0
888e459e,0.1698113207547169,0.0638659086944118,1.0
9fe8393a,0.2082018927444795,0.0758452942390263,1.0
d31714c9,0.2238095238095238,0.0657182324983403,0.98
68dcb88e,0.1720430107526881,0.0633454362199344,0.96
b27a8be4,0.1870967741935484,0.0580262022820268,0.94
44cb6b22,0.2055555555555555,0.0738697508087916,0.98
52923095,0.1972477064220183,0.0762488667309666,0.96
b27ea063,0.1476190476190476,0.0560237819719997,0.98
dbc0c5b3,0.1732851985559566,0.0740252724105342,1.0
aa8f492e,0.2268041237113402,0.0673591872829302,0.92
88f0eafe,0.1758241758241758,0.0590486421815055,0.92
df88c52e,0.1247443762781186,0.0472812049891697,0.98
9cb11ccf,0.1886792452830188,0.0718320866554258,0.98
ad786dcf,0.2015113350125944,0.0699638975438951,0.98
c4c99edd,0.1821305841924398,0.0759476384069254,0.98
19571f10,0.1949860724233983,0.0665219411321629,0.98
c00459cb,0.1564885496183206,0.0624657353895002,0.98
a1142730,0.144177449168207,0.0544641861531737,1.0
e2744082,0.1834532374100719,0.0668567047201137,1.0
1a75ad87,0.1309255079006772,0.0476379680431166,1.0
cf86463c,0.1797752808988764,0.0642498838669256,0.98
eb57c919,0.2038567493112947,0.0751770483704251,1.0
9bb409ce,0.211340206185567,0.0815087128933816,0.96
d8d66531,0.1661631419939577,0.0616617454221011,1.0
6c3d972f,0.1346153846153846,0.0555212026861387,1.0
e4fbf2d8,0.1510516252390057,0.0606744592889781,1.0
b570f258,0.2085308056872037,0.062414794000441,0.9
a307294b,0.1907692307692307,0.0701714273866766,0.98
c1c58fe8,0.2087378640776699,0.0716134533560832,0.94
76255617,0.1694444444444444,0.0581815998894894,1.0
7b208aac,0.1488372093023255,0.056068119945741,1.0
231105d9,0.1775,0.0647673529553915,0.96
bfad673d,0.1573770491803278,0.0659182379868409,1.0
c6083522,0.1947674418604651,0.0641799959583666,1.0
20c9ecc3,0.173076923076923,0.0709362439677673,0.94
f5f2384e,0.1644204851752021,0.0627167347471572,1.0
ac3e2d3e,0.1678571428571428,0.0744435489361312,1.0
36a7e2ac,0.1556195965417867,0.0660253581782203,0.98
0554c06c,0.2325581395348837,0.0729654838139833,0.92
af7ed3e1,0.1782729805013927,0.0680611554504554,0.98
a5680aa8,0.1806451612903225,0.0690349348634674,1.0
09137783,0.1666666666666666,0.0606446928792518,0.98
2d359939,0.200836820083682,0.0685357364111868,0.98
e10724f4,0.1632653061224489,0.0661459824020211,0.98
6c2834dc,0.205761316872428,0.0699965692666239,0.96
109fbab0,0.1797101449275362,0.0693611205864201,1.0
d0465800,0.198237885462555,0.0662475688502603,0.98
a8013ef2,0.143236074270557,0.0540975944887219,1.0
9516c591,0.1717171717171717,0.0664506510077615,0.94
2f47e16a,0.1705202312138728,0.0584366498595078,1.0
0a120166,0.1692913385826771,0.0610752460126677,0.98
b7d426cf,0.1654320987654321,0.0609074102251826,1.0
b276b136,0.1649831649831649,0.0694255546913419,1.0
a08afbd8,0.1475054229934924,0.0524891620833821,1.0
b3615f52,0.2204724409448819,0.0757968261524227,1.0
3a6f9348,0.1666666666666666,0.0608083749187198,1.0
3fc4574f,0.1659919028340081,0.0627303112804281,1.0
7b7bcaab,0.1848101265822785,0.0619007113970076,1.0
44a14a6a,0.145374449339207,0.052880256146791,1.0
247cfcaa,0.1930294906166219,0.0717695009760441,1.0
1c383d5e,0.1910569105691057,0.0665196913279699,1.0
05e53b5d,0.1882022471910112,0.0674019423973504,0.98
ecf17d14,0.1891891891891892,0.06626868893913,0.98
8ef051ac,0.1601941747572815,0.0601500014303086,0.96
8a0899ab,0.1719298245614035,0.0696954038900844,1.0
d1b95289,0.1689750692520775,0.0606852353386444,0.98
a1e6dc98,0.1607843137254902,0.0669396499498138,0.98
ccab735d,0.1515151515151515,0.0545498148495904,1.0
073aeb97,0.2096774193548387,0.0660859306332424,1.0
969e030b,0.1798561151079136,0.0631112539902727,0.98
2c2af77b,0.1517509727626459,0.0609181516049304,0.98
82ccebce,0.1580381471389645,0.0571299871553161,0.98
e5097de8,0.1708185053380783,0.0626957238688821,0.98
ce09d1ae,0.1736526946107784,0.066233177204774,1.0
f33064ea,0.1861471861471861,0.0679117139832724,0.92
d2b09163,0.164785553047404,0.0626118790530204,1.0
4cdd97a7,0.1929824561403508,0.0734682521034279,0.98
aabf75f7,0.175,0.0628392388836464,1.0
9509d5e1,0.1696113074204947,0.0618684000828543,0.9
37f5ca39,0.2053333333333333,0.074123987063763,0.98
55ffc265,0.1931818181818181,0.0781700800832803,0.96
4d2e9412,0.1552631578947368,0.0579439580554603,0.92
66578870,0.1702127659574468,0.0651174437338338,1.0
0976646c,0.1507430997876857,0.0578477709060339,1.0
34efe140,0.1749049429657794,0.0658383670482828,0.92
f90eba84,0.1465968586387434,0.0591742529667662,1.0
5c5559e6,0.1660377358490566,0.0634814718001438,1.0
8e2fe678,0.194888178913738,0.0748113634676925,1.0
0c1bbe22,0.1851851851851851,0.078132755002002,0.98
0302f6c2,0.1602209944751381,0.0621083004826377,1.0
3dcbe322,0.23046875,0.0696325502735706,0.98
0b821f70,0.1809045226130653,0.0673231347601837,0.98
45c850d0,0.1838565022421524,0.0619639798772488,0.98
4c63ce0a,0.1939890710382513,0.0617782459981311,1.0
70b94ccf,0.1792114695340501,0.0731928986814295,1.0
6d2095a1,0.1658031088082901,0.0682982328788745,1.0
abd7f472,0.1769911504424778,0.0593628961987621,1.0
7f102812,0.1857923497267759,0.0737870753378588,0.98
ca1cac61,0.2,0.0726282336634252,0.94
e093ff1e,0.1838790931989924,0.0697271694720697,1.0
87e8bd5c,0.2028301886792453,0.0589062580745978,0.96
108a0b55,0.1993464052287581,0.0703689147410614,0.98
7db601cc,0.1847826086956521,0.0756236361804783,1.0
3f45dcc1,0.1770573566084788,0.0697524404706523,1.0
50250d60,0.1494661921708185,0.0574526624009606,0.92
bbbd679d,0.1540697674418604,0.0600536672104635,1.0
5d70de14,0.1784386617100371,0.0735652210083244,0.98
04e26652,0.1619047619047619,0.0620269501806051,0.96
94189bfc,0.2244897959183673,0.0669472230571302,0.88
deac2e11,0.1530864197530864,0.060129087746569,1.0
3bb32fd5,0.1762820512820513,0.067055822465499,1.0
ac6908e7,0.1507537688442211,0.0581459913041418,1.0
877a597c,0.1680672268907563,0.0661946432566515,0.98
69051cfc,0.1988472622478386,0.0686651448447534,1.0
a69fce7c,0.148854961832061,0.0526906380596463,1.0
c5c864d9,0.155902004454343,0.0618089966970252,0.98
f83f0ea9,0.1677852348993288,0.0651960793616742,1.0
db21107f,0.1833688699360341,0.0700911763511401,0.98
30b571d2,0.1882845188284518,0.074367394916438,0.96
50ded80a,0.1495901639344262,0.0601943431980325,1.0
b8eec2da,0.1835443037974683,0.0736830126474093,0.98
d616655e,0.1818181818181818,0.0673948085193336,1.0
5e8de4fa,0.196078431372549,0.0711391830223323,0.98
5d38d0a2,0.1968085106382978,0.06872343620383,0.86
175d31e3,0.1507692307692307,0.0602151819558033,1.0
fc50cc74,0.1907514450867052,0.0686678380581445,0.92
3530f670,0.1877729257641921,0.0628032200338644,0.96
a05c38cf,0.2010869565217391,0.0713483762511396,0.9
8de48eef,0.1492537313432835,0.0633790851350681,1.0
0690b6b7,0.197452229299363,0.0688061520158712,0.92
fc04c0fe,0.192156862745098,0.0730393592597056,0.98
a94c251b,0.1770491803278688,0.0706508464461774,0.96
2a5781a0,0.1733333333333333,0.0753426552334643,1.0
2ea0b1f2,0.1657754010695187,0.0601248251490135,1.0
6d53c09c,0.1543859649122807,0.0638818836461797,1.0
6c44a174,0.1829652996845426,0.0667915024220352,0.88
f318c2a0,0.2347417840375587,0.0659876331588419,0.94
eecf391c,0.1522248243559719,0.0589756679553114,0.98
5286c750,0.1602787456445993,0.0592966538612641,0.92
4d20dc5a,0.1936936936936936,0.0698535746872388,1.0
e1ad7713,0.1967871485943775,0.0685725558602108,0.94
c46d36cb,0.1644562334217506,0.0643514695740413,0.98
2e1b79c5,0.2181069958847736,0.0726409154275731,1.0
ecf3132e,0.16,0.0657127722599931,0.98
15d9d903,0.1943462897526501,0.0720362782694266,0.96
cdaf35c3,0.1792452830188679,0.0641302590328206,0.94
2731ecb3,0.1742738589211618,0.0591746842752279,0.96
455919bb,0.21875,0.0767209973151777,0.98
ad62460a,0.1800766283524904,0.0693523747162445,1.0
d69f0bd8,0.2005899705014749,0.0710997954901527,0.94
72822bb6,0.2077922077922078,0.0635285928925363,1.0
9b5f9627,0.1764705882352941,0.0621788363157282,1.0
7b7900a1,0.1762114537444934,0.0683362575420817,0.96
63c58dfe,0.1778975741239892,0.0628427247140075,0.98
b59d78ac,0.1495327102803738,0.0651985185094074,0.84
645793f4,0.1420345489443378,0.0536440250341247,0.96
a7db09e6,0.1722846441947565,0.065774281058028,0.9
6f90d155,0.1362530413625304,0.0565925326626501,1.0
0688d3cd,0.1671641791044776,0.0596756867797658,1.0
a506fae5,0.1536388140161725,0.0615552198104614,0.98
cf244a05,0.2175925925925926,0.0676076445993386,0.94
dcb34684,0.1598837209302325,0.0581424924466221,0.98
64b9cc67,0.1640866873065015,0.0671494440588058,1.0
060e0c5c,0.1758620689655172,0.0631668252846305,0.94
94b56a45,0.2105263157894736,0.0613914283451689,0.98
3b764ad1,0.193069306930693,0.0670224325675924,1.0
00405b2a,0.1634980988593156,0.0685036320637565,0.98
9eb93efc,0.178743961352657,0.0631421035191388,1.0
f4cbe07f,0.1646586345381526,0.0686061537238515,1.0
b2ae3e94,0.1823529411764705,0.0605199079180858,1.0
a9d93598,0.1763085399449036,0.0640473218577964,1.0
4a2d8643,0.1322751322751322,0.0490254262627454,1.0
df02dff2,0.1419939577039275,0.0613940138709437,1.0
c424222f,0.1575757575757575,0.0559196709655192,0.96
87638d89,0.1715481171548117,0.060884644864517,1.0
1a66606a,0.1752873563218391,0.0661287006310816,1.0
e5bf8453,0.1643835616438356,0.0664679092854136,0.98
51f8f892,0.1818181818181818,0.0612505312347496,0.96
82c84be8,0.1764705882352941,0.0557515857769972,0.98
f1a63c78,0.1602067183462532,0.0594594606753947,1.0
a52c8937,0.1923076923076923,0.0586986330681319,0.98
0d9c1261,0.1432584269662921,0.0552186527971272,1.0
b098d6ca,0.2334630350194552,0.0808278091383985,0.96
f4b84d1e,0.1692708333333333,0.0651926027252643,0.96
bcc3ee05,0.1762711864406779,0.0700059557640316,0.98
0ebb71ee,0.162109375,0.0599188983148804,1.0
8b06c764,0.1601941747572815,0.0517104152317561,0.96
051e25c9,0.1670951156812339,0.064092685265981,1.0
ca9d55c0,0.1959183673469387,0.0671752561639113,1.0
dcfe1062,0.1626168224299065,0.0642259936926423,1.0
ba93a04f,0.1582491582491582,0.0724328535121394,1.0
5df81110,0.137299771167048,0.0506495870561056,1.0
2fc0cd0d,0.2259615384615384,0.0669022082134811,0.94
9b226d5a,0.1870748299319728,0.0726859997172734,0.84
b97ddf17,0.1821862348178137,0.067892697772145,0.9
dd19b22a,0.1783625730994152,0.0747226787870195,0.98
22c13aa9,0.1776061776061776,0.0721203533269499,0.92
3985cb44,0.1684782608695652,0.0607796121533394,0.94
1cb02e1e,0.2085308056872037,0.0603679402115623,0.98
35de1153,0.180327868852459,0.0708339111315811,1.0
5f24eacf,0.1696428571428571,0.0662843096175502,0.98
c2b25188,0.1543026706231454,0.0494043145096103,1.0
0553143c,0.1760299625468165,0.0674612294701968,0.98
829dede2,0.162291169451074,0.0557778082663325,1.0
577c045e,0.1829268292682926,0.0776504500324625,0.98
bea6b3bd,0.1408045977011494,0.0563498942666355,1.0
3f7e4a62,0.2153846153846154,0.060414627319038,1.0
c711c6a0,0.1577726218097447,0.054659880881682,0.92
5ea01314,0.2017937219730941,0.0674687530658814,0.92
1a2c60b8,0.1559633027522936,0.0596324465246045,0.98
4dad4598,0.1860465116279069,0.0644770504743552,0.98
e2f32c91,0.2169811320754717,0.0700603303387318,0.94
474d4817,0.1882845188284518,0.0657906528093377,0.98
2a44325c,0.2113095238095238,0.080034446160224,0.98
5e574f15,0.156794425087108,0.0568177616378914,0.96
3943fd84,0.1310679611650485,0.0505997723313903,1.0
2f52ec67,0.1590106007067137,0.0648399696679807,1.0
0c229cf9,0.1779141104294478,0.0647054576712875,1.0
f9f2465a,0.1564885496183206,0.0620372663557492,1.0
191676a6,0.1813186813186813,0.0655811679676131,0.98
f5ee9109,0.224669603524229,0.0714086758429846,1.0
75b93027,0.1666666666666666,0.0655601734313254,0.98
9b8ad200,0.1782608695652174,0.0662159372809967,0.98
18b0908d,0.2209302325581395,0.077563464284343,0.9
2a4c9c8b,0.174074074074074,0.0648591268348427,0.96
76378cc5,0.1772908366533864,0.0587813137436976,1.0
407893f3,0.1872146118721461,0.0638719710140268,0.98
4b0782e7,0.1607629427792915,0.0680440889777043,0.96
3953d77e,0.2741116751269035,0.0690090238229352,0.84
ee23d6e8,0.1339491916859122,0.0523373948817122,1.0
522aecfd,0.1766666666666666,0.0726229867058822,0.98
4207b50e,0.1658415841584158,0.0663671049016407,0.94
9a7d52e3,0.1802575107296137,0.0762417243489412,0.96
7e3ea4e9,0.1778975741239892,0.0675187194303405,0.98
307c7684,0.189516129032258,0.0745464034486193,1.0
fa0c6ba3,0.2114803625377643,0.076719544448178,1.0
031c1890,0.1555555555555555,0.0666934751402829,0.9
ad0a8b17,0.1666666666666666,0.0619021610737343,1.0
18acadd8,0.1541095890410959,0.0592677075746525,1.0
03a60450,0.1478696741854636,0.0564621156792484,1.0
2b794649,0.2024291497975708,0.065055852681102,0.98
3141bc4d,0.1834532374100719,0.0647886639952556,0.96
0f359f22,0.175,0.0678651021587412,1.0
f6c530de,0.1432038834951456,0.0587884589747664,0.98
ace4d63f,0.2014388489208633,0.0646822182102407,1.0
ceda382c,0.156084656084656,0.0631912971624694,1.0
20e19918,0.1631944444444444,0.0630927257957634,0.98
77a4a77a,0.2351190476190476,0.0796274394978824,0.94
0a824c5e,0.1785714285714285,0.0689622802702895,0.94
e0bc2798,0.1770334928229665,0.0646023500144519,0.98
a58d2f0d,0.2178988326848249,0.0752268546080242,0.92
69e007f7,0.1734417344173441,0.0669189711743745,0.98
2ab8aa32,0.3076923076923077,0.0672525462489108,0.92
edd38b1e,0.1651583710407239,0.061140377136068,1.0
1cf64494,0.2547169811320754,0.0656812907114711,1.0
1e8cc551,0.1357340720221606,0.0498340745531211,1.0
53dfcb6f,0.182648401826484,0.0642407086909482,0.96
acdde9cb,0.1532663316582914,0.0516608836442531,0.98
fa5f2583,0.1606425702811245,0.0592352896562138,0.98
37cc22a0,0.2006172839506173,0.0706785332639264,1.0
9908d0f9,0.1681818181818181,0.0688382521609161,0.92
7603d022,0.1590361445783132,0.0571359562932664,0.98
578ab0a5,0.1748878923766816,0.0626114869322233,1.0
4319377b,0.1364764267990074,0.0516334272784356,0.98
de84dbc2,0.1891891891891892,0.0638916054361931,0.96
c7677a59,0.1639344262295081,0.0671506599615198,1.0
32913a82,0.1684587813620071,0.070986216221601,0.98
2c2f9cde,0.1867469879518072,0.0742503269019904,0.94
e266d5bc,0.1798245614035087,0.0681287920417064,1.0
76214acb,0.1698113207547169,0.0675572234693338,1.0
399d91d7,0.2204081632653061,0.074712508923954,0.94
68a8b7e3,0.2096774193548387,0.0692566394522597,1.0
abdeff0b,0.2006369426751592,0.0653743008147966,0.94
0bc66a4a,0.1639344262295081,0.0595506559270187,1.0
30da0602,0.1559322033898305,0.0602745084102216,0.98
5b97fc93,0.1723446893787575,0.0594020298372506,0.98
dc10bbc2,0.1962616822429906,0.0746612346371046,0.94
74d2086c,0.1632653061224489,0.0616980813188215,1.0
d0221012,0.1678571428571428,0.0652725205206233,0.98
b687191e,0.1640449438202247,0.0604838690144404,1.0
c8543c6e,0.1650943396226415,0.0683650706526939,1.0
1a95b007,0.1789473684210526,0.0642137083402562,1.0
44cd8539,0.2037914691943128,0.0581027246488659,0.92
946ca4f3,0.156,0.0591185171704668,1.0
395ee311,0.1804511278195488,0.0682294072721066,0.98
8f3dc20d,0.1679197994987468,0.061864955844784,0.92
5cbbb825,0.1866666666666666,0.0630560842304865,0.96
1a4592ea,0.1908127208480565,0.067695914260604,0.94
35087ef8,0.1943462897526501,0.0693160628674136,0.98
5bc75e58,0.1771771771771771,0.06043084105864,0.96
93e28812,0.2186046511627907,0.0731185910066295,0.88
6ba97007,0.1590361445783132,0.058302306396524,0.98
076d9e17,0.1737588652482269,0.0624171893136718,1.0
639cfe43,0.1578947368421052,0.0593990978273666,1.0
28610a96,0.1875,0.0676207542467627,0.98
71e2cb05,0.1648648648648648,0.0595584194407838,0.94
72619f5d,0.196078431372549,0.0650828323142347,0.98
bd3412d5,0.1794258373205741,0.0622979252501197,1.0
e820839b,0.1720430107526881,0.0642222377674673,1.0
73407b42,0.1414342629482071,0.0527801642568667,0.98
cb74a297,0.1504424778761062,0.0561288483113775,0.98
4e9e3068,0.1563421828908554,0.0584098365083443,0.96
b6c455bf,0.176,0.0652724411721739,0.98
f09c3863,0.1965317919075144,0.0683348350119636,0.98
db025853,0.1617021276595744,0.0630141977339757,1.0
dff3503a,0.1501103752759381,0.0587859466653617,1.0
d6b7c959,0.1815068493150685,0.0699719545135344,0.92
3222862c,0.1671087533156498,0.063341628210038,1.0
1dd5cd2b,0.1734317343173431,0.0708896614896665,0.96
ea6f294e,0.1596452328159645,0.0612648543031424,1.0
d9dd460a,0.2149532710280373,0.0737985238073614,0.96
5bdd1f32,0.1479166666666666,0.0538257404612483,0.94
e23689be,0.15625,0.0635484298041018,1.0
2216c66c,0.1489361702127659,0.053820040761853,1.0
afcc25ac,0.172077922077922,0.0716655107539082,1.0
d2b3a1d4,0.1626213592233009,0.0637832862111673,1.0
ed5f0ec0,0.1955555555555555,0.0750638224732686,1.0
0e70649f,0.1757990867579908,0.0713827561725121,0.98
d4d6b594,0.1635220125786163,0.0637504440567091,0.98
6fc85e1a,0.192090395480226,0.0708728808511593,0.96
235a8d81,0.1748878923766816,0.0533286817197485,1.0
0112aa5c,0.1758241758241758,0.068783765621509,1.0
63572026,0.1547619047619047,0.0591489222357842,1.0
4042d68f,0.1509433962264151,0.0605625617630068,1.0
12f703a5,0.1646090534979424,0.0618116371971117,0.98
812a9eb0,0.1510989010989011,0.0563243568136141,0.98
ff3ec904,0.2162162162162162,0.0648840255515164,0.96
473bbc77,0.1321243523316062,0.0533064410570556,0.92
d7de8081,0.1596244131455399,0.0628954875191376,1.0
767d1100,0.1589743589743589,0.0584119901733056,0.98
9ee3275a,0.25,0.0643194175006936,0.98
a4c1686c,0.1756756756756756,0.0637368709775519,0.98
551d1a1d,0.174721189591078,0.0697468785270446,0.98
a1b79803,0.1504178272980501,0.0564880180651028,0.98
7d34663a,0.1936936936936936,0.0619138530380609,1.0
2e3df5cb,0.1927710843373494,0.0715078647782333,0.94
af09ad92,0.150197628458498,0.0617115172907649,1.0
97b5d043,0.1809523809523809,0.0790566040137167,0.94
6da27fb3,0.1666666666666666,0.061780988895216,1.0
cf71b00a,0.152061855670103,0.0541164095695551,0.96
f5ee5a51,0.1604938271604938,0.0578043772430016,1.0
f096c9f5,0.1412103746397694,0.0579730987766168,0.94
b4a2e6d3,0.224669603524229,0.075930957129755,0.94
bd0c1045,0.1740812379110251,0.0621803072505852,1.0
a617b1b0,0.2238805970149253,0.0679631565963942,1.0
83a9ff57,0.1566666666666666,0.060195595650138,0.94
dd4f0891,0.1868131868131868,0.0656276822116493,0.96
77721749,0.1713286713286713,0.0627583639648907,0.96
88bffffa,0.1831501831501831,0.0735648175667111,1.0
52151842,0.1854304635761589,0.0585849205767889,0.98
138c2e70,0.1618257261410788,0.0562715893233009,0.98
01f90859,0.218978102189781,0.0789608411943394,0.96
fbae37a8,0.1821705426356589,0.076326553301545,1.0
5d93d49a,0.1518026565464895,0.0558853106570519,1.0
f7fe726f,0.2037037037037037,0.0728602095069721,0.98
e07097c3,0.1820580474934037,0.0633006007377371,0.98
d81898d2,0.1630094043887147,0.0647701461606458,1.0
a0fc9374,0.1666666666666666,0.0632666271273724,0.98
7d538df8,0.2217573221757322,0.0778238462924875,0.9
8ace67b4,0.1943573667711598,0.0719611853990848,0.98
5c14d68f,0.1422924901185771,0.0548126933456293,1.0
a4dea221,0.1742424242424242,0.0660684592212288,1.0
77da9ba6,0.1660377358490566,0.0574556406612045,0.98
9431138e,0.1681614349775785,0.0598647077831063,0.98
31b93edd,0.1628664495114006,0.068780328871599,0.98
756b6fce,0.1901840490797546,0.0612747586804023,1.0
78bb3ea4,0.2,0.0726267354738585,0.98
1450be8c,0.1724137931034483,0.0646332045007933,1.0
b1965841,0.1959183673469387,0.0664764670226423,1.0
c2156f75,0.2058823529411764,0.0689479321872423,0.94
7b51bba6,0.1991341991341991,0.0679337621070903,0.94
0fd24180,0.1432748538011695,0.0502928063100568,1.0
7cebb9dd,0.1379310344827586,0.0561261782333716,0.9
6795a24c,0.2181818181818181,0.0719810481216525,0.86
9a6997db,0.1551020408163265,0.0599596782254804,0.92
b982c0e8,0.1893764434180138,0.0585272994041457,1.0
e8f6b660,0.1653225806451612,0.0661041082184512,0.96
ea6a3be3,0.1643059490084986,0.0593726594656428,0.96
55c626b4,0.1774193548387097,0.0626025711538097,0.96
184a8a48,0.1421911421911421,0.0549396444681004,0.98
bd83a83a,0.1597444089456869,0.0624011996491006,0.98
20799126,0.1658291457286432,0.0623207682617268,1.0
09553e06,0.1732673267326732,0.0747499115024017,0.98
c8bcb897,0.1719745222929936,0.0643876752832095,0.98
63dffa94,0.1556420233463035,0.0568081601734142,1.0
5364223f,0.1896024464831804,0.0693913369911227,1.0
c86fe3b6,0.1627118644067796,0.069596676365208,1.0
8b809fcf,0.1923076923076923,0.0696133932019308,0.96
1647fe72,0.1588785046728972,0.061270816343485,0.98
ee029441,0.1498829039812646,0.0541295259184239,1.0
ffa2ad23,0.2361111111111111,0.0717798447306791,0.92
823b59d3,0.1666666666666666,0.0677967286705284,0.98
3f84c9cb,0.1701244813278008,0.0656689052539841,0.96
4cdf2e40,0.1735294117647058,0.0697778026387883,0.96
d182b78b,0.1872509960159362,0.0599814736420397,0.92
a26e6e3c,0.1749347258485639,0.0614128458205649,1.0
d3848b3c,0.1820987654320987,0.0710919003994249,0.94
177bdb1c,0.1736526946107784,0.0614955948027683,1.0
3a1cbc8f,0.1777777777777777,0.0688488169733036,0.94
90fbd531,0.140625,0.0510900181867653,1.0
b833587e,0.1605839416058394,0.0583472028995296,1.0
dd841bd8,0.1350114416475972,0.0530081091140678,1.0
c2285231,0.1496350364963503,0.0609856714561375,0.98
14467c85,0.1630170316301703,0.0668791160652372,1.0
55164073,0.1970802919708029,0.0688583562088124,1.0
19669853,0.1931216931216931,0.0721710656550725,0.94
bd7db7bd,0.1684981684981685,0.0670710050969351,0.98
731824d7,0.1705426356589147,0.0666562378095999,0.98
49a48a03,0.1906474820143885,0.0553179340387646,1.0
65861ee1,0.1440501043841336,0.0555455831089143,0.98
98bf1c8b,0.1767068273092369,0.0628225886718435,0.96
f90b4ce5,0.1730279898218829,0.063269411319686,0.98
ff50469c,0.1821862348178137,0.0742352110167892,0.98
1e222bcb,0.1946107784431137,0.0733361790484888,1.0
b451fa2d,0.1832669322709163,0.0703275502234418,1.0
7f9b158d,0.2037037037037037,0.0663128818965047,1.0
06dba220,0.1708185053380783,0.0647965349708924,1.0
68642e93,0.1942857142857142,0.0711669154584799,1.0
bb7a1ea1,0.1704545454545454,0.067337160832624,1.0
24d2e218,0.1600985221674876,0.0614187113890907,0.96
bbb58208,0.2181069958847736,0.06948710799071,0.94
63c52e12,0.1635610766045548,0.055875300109873,0.96
214917fa,0.1849056603773584,0.0702776273526891,0.96
2deb93b8,0.1633663366336633,0.0604145109028286,0.98
6a4b0e11,0.1661442006269592,0.0667823576406553,0.98
1a1f3984,0.1692307692307692,0.0650589534602335,1.0
16ab174f,0.1444444444444444,0.057323652750186,1.0
aef2f7f8,0.1766561514195583,0.0646799777820024,1.0
3399f8ba,0.1720430107526881,0.0636079656759253,0.96
8f3f82af,0.2061855670103092,0.0667136304600171,0.9
00756a57,0.1580756013745704,0.0621314832357314,0.96
f294451c,0.1604938271604938,0.0625511701156974,0.84
ab615636,0.163323782234957,0.0636289297418167,0.96
e3b42a2b,0.148491879350348,0.0568559633960869,1.0
b138b932,0.1825396825396825,0.0718301917904222,0.94
3f2b2628,0.2114285714285714,0.07534495292412,1.0
f3118a8c,0.1885245901639344,0.074816741870825,0.98
0568343c,0.186335403726708,0.0672183774993761,1.0
716a75cd,0.1808873720136518,0.0743317214052969,0.98
e1c7a36f,0.21,0.070313114340789,0.98
e23d8d60,0.1954022988505747,0.0717783883410966,1.0
ab4cb124,0.1359447004608295,0.0468603671295433,1.0
6c65129f,0.152317880794702,0.0601897596322851,0.98
53c6dcc1,0.2140575079872204,0.0718248670352394,1.0
4744910d,0.1493775933609958,0.0586435577813174,1.0
71ee7518,0.1556016597510373,0.0591211510531017,0.98
d6b508a1,0.1698113207547169,0.0673817552776282,1.0
5e8f4652,0.1986301369863013,0.0648903771704948,0.92
ae73fcdb,0.2146596858638743,0.0647687074642524,0.96
1f61b829,0.1647058823529411,0.0616873754009559,1.0
03d7d597,0.1872340425531914,0.0650989589341316,0.96
25fbe3d2,0.1925925925925926,0.0772644422984942,0.96
fb5633ab,0.1528662420382165,0.059567455188217,1.0
1965a722,0.1943462897526501,0.0724607201001284,0.9
3ae0c234,0.1846689895470383,0.0719589513460628,0.82
3564f1fb,0.1629834254143646,0.0569143716405591,1.0
478d7b43,0.1883408071748878,0.0603824515653852,0.96
f2b27089,0.1666666666666666,0.0622989069873449,0.94
5844a6bf,0.1681159420289855,0.0669462868138333,1.0
52768caf,0.1885964912280701,0.0725419707948817,0.96
b0200a23,0.1753554502369668,0.0699419561523123,1.0
8ed50f21,0.1547388781431334,0.0625653441789898,1.0
9b9c2782,0.1653543307086614,0.0711787820854708,0.98
a369d42a,0.1782477341389728,0.0708866611120788,0.94
f70e3f34,0.2,0.0673453224107332,1.0
6891c1c3,0.1571815718157181,0.0576866833627535,1.0
1376b5e3,0.1751152073732718,0.0716641440984534,1.0
7650b975,0.1735537190082644,0.0571606328956537,0.98
3f8012ec,0.1653846153846153,0.0609430125378125,1.0
57f91d91,0.1632653061224489,0.0606179298294407,1.0
08febd57,0.1697416974169741,0.0641947645879503,1.0
8ff159b7,0.1649746192893401,0.0640941866775681,0.96
9d5e05c8,0.1770334928229665,0.0560254379559344,0.94
43ddd857,0.1580246913580247,0.0560816103223386,1.0
c8bdb8a7,0.1666666666666666,0.0648516909964775,0.98
a66712a4,0.1563275434243176,0.0621630750070294,0.98
7fb64a96,0.2121212121212121,0.0671124503629042,0.96
f2db0ca7,0.2125,0.07554912076224,0.98
5602afc7,0.1704180064308681,0.0643753903682276,1.0
485ff57a,0.1583850931677018,0.0602241991509082,1.0
617452ac,0.2186046511627907,0.0718046026853211,0.96
b87b2660,0.1675977653631284,0.060651747851402,1.0
b8ee4984,0.165016501650165,0.067276844834483,1.0
badb4e39,0.1244635193133047,0.0441682965553812,0.98
cb5a9053,0.2209737827715356,0.0652576857576396,0.94
9aece733,0.1766304347826087,0.0673309126354676,1.0
9055d788,0.2127659574468085,0.0637891917227606,0.94
25116086,0.1738095238095238,0.0659920070288413,0.98
b414c6ff,0.1689655172413793,0.0666881426098144,0.96
24d76b73,0.1779141104294478,0.064578593855977,0.98
07fd9710,0.1521035598705501,0.0610910455136133,0.96
04b87ab3,0.2325581395348837,0.0803152753672999,1.0
de9caf96,0.176,0.0728437767246881,1.0
33a65eea,0.1483679525222551,0.0574550237750639,0.98
d19d9eb0,0.1788617886178861,0.0732954742145053,0.98
149a69be,0.1527777777777778,0.0531112857020902,0.9
d8f2f395,0.1701492537313433,0.0649228015643101,1.0
0c24be24,0.1791443850267379,0.069796803949823,0.98
ccec5963,0.1643835616438356,0.0567236535241588,0.96
8b1face2,0.1722222222222222,0.0652524144450547,0.86
9c615e5e,0.1762589928057553,0.069905278560673,1.0
67741a2b,0.1672025723472668,0.0623576508348708,0.9
1f198495,0.1553030303030303,0.0597222065084866,0.98
49679b0d,0.1744791666666666,0.0645613631583372,1.0
cc078240,0.209205020920502,0.0652511487879025,0.96
e23b7630,0.1623931623931624,0.0608640653327642,0.98
35f03d6a,0.1644444444444444,0.0571568146639284,1.0
5c466471,0.1780104712041884,0.067205533192172,1.0
040a559a,0.1692307692307692,0.0561321223076927,0.98
b384b0e8,0.1649048625792812,0.0668614554432643,0.94
5f028118,0.21875,0.0637230503002274,1.0
ebfb492e,0.1932773109243697,0.0665035359415495,1.0
177d7ab6,0.207070707070707,0.0661872205969274,0.94
ce48b9bb,0.1639871382636656,0.0659058523695855,0.98
4fdc0e0e,0.1509433962264151,0.0522986453230536,0.94
02b78d34,0.1845730027548209,0.0715149674276646,0.96
1d57a64a,0.1944444444444444,0.0752700646202778,0.98
7122761c,0.1600985221674876,0.0544860889465182,1.0
b9ccf7a6,0.1829652996845426,0.0728973763658065,0.96
f4d133ba,0.180722891566265,0.0699148111996131,0.98
336f7e8d,0.1759656652360515,0.0686768598144967,0.98
ae724bdb,0.1681681681681681,0.0582113914579021,0.98
f7acdfd9,0.1706349206349206,0.0572367912850513,0.96
1cdf7faa,0.1599045346062052,0.0557935795137013,0.98
b65530d2,0.1795774647887324,0.0659701644956802,1.0
a97b20ea,0.1342592592592592,0.0504726766216288,1.0
397f66f5,0.1866197183098591,0.0677052295690172,0.98
0418ef68,0.1494565217391304,0.0575797281150502,0.92
993cd75a,0.2413793103448276,0.0654777205881417,0.98
bf410268,0.1550632911392405,0.0619482912432433,1.0
193a3207,0.1868686868686868,0.0698767068213097,0.94
47c51849,0.150375939849624,0.055111100544357,0.92
d2008068,0.1893203883495145,0.0609993986027019,0.96
80b109b6,0.1723237597911227,0.0630311356527791,1.0
2477bb09,0.1815286624203821,0.0705507468039877,1.0
780e5609,0.1791383219954648,0.068717018261285,0.94
c9a1d2eb,0.1647509578544061,0.0576035015627066,0.98
b68c2980,0.1820728291316526,0.0694811071860855,0.96
e9408849,0.1845493562231759,0.069599541580864,0.98
35e40f5e,0.2007168458781362,0.0699045286790507,0.92
8ff2d3e1,0.1597633136094674,0.0681796148485739,1.0
125b89a4,0.1661807580174927,0.0656531798016128,1.0
5e996062,0.188235294117647,0.0642045440391469,0.96
e1e26dfd,0.2037037037037037,0.0759034012405184,0.94
0c58baa2,0.1434108527131783,0.0514934767803868,0.98
cc08fc14,0.1398809523809523,0.0502276743933494,1.0
bbf9869b,0.1580645161290322,0.068010799386198,0.94
b10f8d5e,0.1825396825396825,0.0629385327176568,0.96
608e33ad,0.2067307692307692,0.0638486862742176,0.96
68577661,0.1405152224824356,0.0590506062519597,0.98
d14b1e70,0.2112676056338028,0.0715203063616595,0.96
83fe2220,0.2195845697329377,0.0747731277031731,0.96
b5035c31,0.2007434944237918,0.0710759841154079,0.98
2628b3d9,0.1789772727272727,0.0584795993556272,1.0
9940b60e,0.1724137931034483,0.0680809176632244,0.9
01371fd2,0.1590909090909091,0.0566872365800638,1.0
1f4e7ec5,0.2131147540983606,0.0812776116835944,0.96
c743ba88,0.1641791044776119,0.0633503667535691,1.0
84f2dd23,0.1842105263157894,0.0604718325410248,1.0
caf0f2c6,0.1679389312977099,0.0678973751099244,1.0
e5195a7d,0.1933085501858736,0.0728852915517026,1.0
054e76d5,0.1520190023752969,0.0600073369511338,0.98
e8337fce,0.1858407079646017,0.0653719695553651,1.0
c1a3a734,0.1743119266055046,0.0676340113939344,0.98
1679ffd2,0.1868131868131868,0.0630821787394994,1.0
4d48eef3,0.186335403726708,0.0667157901943695,0.96
838a4380,0.155893536121673,0.0593818026372982,0.98
0de6d7a9,0.1822784810126582,0.0675821712577658,1.0
eee04bdd,0.1684210526315789,0.0705285788287908,0.96
14c14bc1,0.1688311688311688,0.0664183254918135,1.0
4ce5375c,0.2009345794392523,0.0683033865337287,0.98
abd19656,0.1794871794871795,0.070880103057155,0.98
9866a753,0.1799410029498525,0.0610465688753818,0.98
166b47f7,0.1707317073170731,0.0633025410019179,1.0
4508eac6,0.1736111111111111,0.0667428968872811,0.96
1fa8d7f1,0.1895043731778425,0.0615107785416113,1.0
20c751ca,0.1869565217391304,0.0649233777614018,0.98
4fd0f4b2,0.1385041551246537,0.0502625596458488,0.96
f6425443,0.1711409395973154,0.0680649581779547,1.0
9fecc7ed,0.1419354838709677,0.0514401082476659,0.94
5a163e22,0.1744186046511628,0.064169507777017,1.0
8fc4ee01,0.1774193548387097,0.0626806320665577,1.0
e3471861,0.190721649484536,0.0651148107314308,0.82
7bd75b3e,0.1483375959079284,0.0533753387539373,1.0
16d77151,0.1483870967741935,0.0651321689204235,0.92
77ba5e0b,0.2084592145015106,0.0739385908036278,0.98
561ca59c,0.2658227848101265,0.0722988870210215,0.94
905f06e3,0.1513513513513513,0.0618019837616478,1.0
0f9a0a64,0.1958762886597938,0.0741935367624894,1.0
5dcfd85c,0.1898016997167138,0.0680313950612383,1.0
90539000,0.1759259259259259,0.0590781087667419,0.9
3c9eec32,0.2140672782874617,0.075457313361705,0.94
17f96072,0.20703125,0.0633364149408222,0.96
629beeb3,0.1809523809523809,0.0694085717163655,0.98
e6f34bbd,0.1811023622047244,0.0690389465263021,1.0
626b61ae,0.2028169014084507,0.0783239819971571,1.0
906c577a,0.1841004184100418,0.0666427912911294,0.96
f9d268fd,0.2011661807580174,0.0759174250667528,0.96
1a139830,0.1527777777777778,0.0636733779334714,0.96
4700f2e8,0.1533742331288343,0.0585783977670926,1.0
04d7623f,0.2128712871287128,0.0640041262666952,0.96
5589812c,0.1448087431693989,0.0580212094446801,1.0
2e97e8a8,0.1955719557195571,0.0731335178528969,0.98
0c75590c,0.1966666666666666,0.0710819079725972,0.98
9d28fd18,0.1867088607594936,0.0682099460469404,0.98
0e40e2a0,0.1606648199445983,0.0666969045165154,0.96
b5fb1e0f,0.1643356643356643,0.066595117769329,1.0
de91434e,0.188034188034188,0.0682150192529088,0.98
c58f3eab,0.1666666666666666,0.0588057356163562,0.98
766bb380,0.1630434782608695,0.055246655110049,0.96
c8857910,0.1935483870967742,0.0653936067696411,0.94
6b7d168b,0.1475409836065573,0.0547287165184902,1.0
5c09658f,0.1501706484641638,0.0576764325832431,0.98
febdb9eb,0.1542553191489361,0.0587213962760168,0.98
e6e34b05,0.1802325581395348,0.0737741059318516,1.0
a9b30106,0.1580188679245283,0.0571575390329112,0.98
7d0cb186,0.1764705882352941,0.0651980245272124,0.92
c8e19e3d,0.2123893805309734,0.0733264183110566,0.94
6098c6e4,0.196078431372549,0.069830810996647,0.98
5393b81b,0.1973684210526315,0.0671516298754178,0.92
648cfa97,0.1626984126984127,0.0667590993319008,1.0
e7822f9f,0.1620111731843575,0.0664925277980663,1.0
17b18dba,0.1802721088435374,0.0653084667697857,1.0
bfeb3208,0.1536388140161725,0.054342462023128,0.96
99c7c711,0.1715686274509804,0.0700913206375346,0.98
252a6b1a,0.1577181208053691,0.062994547818222,0.9
7414034d,0.1590296495956873,0.063131888112385,0.94
531b24f5,0.149171270718232,0.0592059350185204,1.0
794a1bdd,0.2210144927536232,0.0678873896473034,0.96
42baf46b,0.1661721068249258,0.0591726605227336,0.98
d3155f61,0.1683848797250859,0.0691619634260076,0.98
1e9c2602,0.183288409703504,0.0624929505498781,0.96
d697c438,0.1815068493150685,0.0670510685200139,1.0
1ae69034,0.2,0.0725744671621105,0.98
f49fcb15,0.1991341991341991,0.0739173984422038,1.0
33bbb76c,0.2126984126984127,0.0727016932102518,0.96
23830225,0.1526946107784431,0.066642317653766,1.0
164424e9,0.1550218340611353,0.0613282286658041,1.0
75effbb0,0.1832298136645962,0.071240521305734,0.88
916a9a44,0.172106824925816,0.0674197187153631,0.98
49ecdbb5,0.1775362318840579,0.0673030928995906,0.94
b5f44676,0.16,0.0648406450755438,0.98
bfb821b3,0.1755725190839694,0.0639408370205857,1.0
f653d96b,0.1458333333333333,0.0605601551574143,0.92
6d785305,0.1605504587155963,0.0644823146329009,0.98
f65e592c,0.1711899791231732,0.0709686126698021,1.0
d5d25c60,0.2222222222222222,0.0653854020305425,0.98
a68b58e8,0.197452229299363,0.0698742351003877,0.98
9fd0f966,0.1875,0.0647779691723514,0.98
d356a44b,0.1462140992167102,0.0607701271775579,1.0
f7975dad,0.2098214285714285,0.0610823524970471,0.98
eaa2a9b2,0.1730205278592375,0.0618335101792501,1.0
4d54b893,0.1789473684210526,0.0623180986073572,1.0
59aac735,0.1358313817330211,0.0533762455382604,0.96
f67f6a0b,0.1424148606811145,0.0604342432547081,1.0
c4fe6aa8,0.1987767584097859,0.0683544265370626,1.0
72babdfc,0.1707317073170731,0.0737803341809289,0.98
e809714e,0.1556603773584905,0.0555884609677035,0.98
7ad62b8a,0.1694915254237288,0.0704671024112276,0.96
663602ea,0.2030848329048843,0.0765274936645469,0.96
3caa5848,0.1839464882943143,0.0746224665748768,0.98
a2aa25e4,0.1372031662269129,0.0484476965879996,1.0
cc372655,0.2150537634408602,0.0861827952205597,0.94
feb29648,0.1914893617021276,0.0699932377061775,0.98
c6659d6d,0.1714285714285714,0.0746348978702527,0.98
b07235fb,0.1533742331288343,0.0620329125993371,0.98
05c0c2af,0.152027027027027,0.062465411872108,0.98
d1136610,0.1866666666666666,0.0712841926362092,0.98
c4e77a23,0.1818181818181818,0.0705162917618463,1.0
2f20b7ba,0.181184668989547,0.0666132604995859,0.92
2a39f6b7,0.2142857142857142,0.0621358116001426,0.96
6a01fde6,0.2068965517241379,0.0707694124546007,1.0
98517cee,0.1764705882352941,0.0615063062571626,1.0
68d91424,0.1622418879056047,0.0587606193864909,0.96
51c50e7f,0.1727941176470588,0.0607750143903913,1.0
1261d2d4,0.1400560224089636,0.054394202864334,0.98
ba4cf9b2,0.1776859504132231,0.0601735403174823,0.96
9016468f,0.1555555555555555,0.0571873931635508,0.98
ccf75453,0.2182539682539682,0.0708177437672379,0.86
5da52c96,0.1798107255520504,0.0631639274372486,1.0
3fc5cf96,0.1976284584980237,0.0692646223946551,1.0
c1c8fa3a,0.1448931116389548,0.0616858905514049,1.0
ab12f511,0.1619047619047619,0.0661342659410785,0.98
a971f136,0.1608187134502924,0.0668202781792282,1.0
d26d2da6,0.1732673267326732,0.0712925525219262,0.92
3996d849,0.1732283464566929,0.0642664588915888,1.0
7b61bc49,0.1837606837606837,0.0652064245727006,1.0
c7cba9f8,0.1677018633540372,0.0661291416281537,0.98
3c845bd5,0.1889250814332247,0.0840573337088206,1.0
5cab37a3,0.1641791044776119,0.0564977560218247,1.0
5b9053fd,0.18,0.0765465778877174,0.96
c321fd65,0.1601941747572815,0.05806845620861,0.98
a0857184,0.1586715867158671,0.0644635716983386,1.0
9c405cb7,0.1629392971246006,0.0627550504828471,0.98
b209be62,0.1833333333333333,0.060959858549074,1.0
0811fb1b,0.1462140992167102,0.0554591561511863,0.98
995b540c,0.1760797342192691,0.0680214859414885,1.0
278aedd5,0.1523545706371191,0.0568410740096661,1.0
0608061d,0.1683168316831683,0.062762959167653,1.0
5bcd12a8,0.1341463414634146,0.0474199365828211,0.94
7a6400d6,0.2910798122065727,0.0846740634986357,0.92
1d914b1a,0.1932515337423312,0.0670527621991941,0.9
58e04c2d,0.1653225806451612,0.0648713220681355,0.94
d2c6daf7,0.1331444759206798,0.0498632133408605,1.0
d2f619d8,0.1741071428571428,0.0592127272203637,0.94
476dbadb,0.1320754716981132,0.0537293958818517,0.98
1aef7521,0.1493212669683258,0.0600560908510096,0.96
a2fef4d3,0.145679012345679,0.0581382427563291,1.0
a98829f5,0.204,0.0674316509276812,1.0
546fff32,0.1818181818181818,0.0635066211963371,0.94
3e1b8dc9,0.1978021978021978,0.0777939301993784,0.98
6161af10,0.2016806722689075,0.0729664695646199,0.96
8418e38c,0.1688311688311688,0.0657986009878393,1.0
f348ddd8,0.126865671641791,0.0486898256772951,1.0
3446b9f1,0.1695906432748538,0.0648850401714745,0.98
fabd44bc,0.1463414634146341,0.057041804030437,1.0
eb8e4a46,0.1633466135458167,0.063901244455851,0.84
0d4d91cf,0.191860465116279,0.070464667638194,1.0
d0778d1a,0.1867704280155642,0.0709939285755248,1.0
f5ad634c,0.1526315789473684,0.058070498509786,0.98
25c901c7,0.1608695652173913,0.0617056490997308,1.0
64cc3262,0.191044776119403,0.0719878358988926,0.98
c84bd89a,0.1752136752136752,0.0639917976396566,0.98
59baa936,0.1835616438356164,0.0683129699797523,0.98
a87239dd,0.1529411764705882,0.0599290023592701,0.98
f7252605,0.1662404092071611,0.0597371759340145,1.0
4c6e3c59,0.1809954751131221,0.0700148025793211,1.0
9babef55,0.1939890710382513,0.0660425851627675,1.0
56c45bb3,0.1584507042253521,0.0649571750865468,1.0
31e11fa3,0.2080745341614907,0.0772424196087622,0.92
47bc546c,0.2096069868995633,0.0757117785819622,0.92
cac9a2ac,0.1728395061728395,0.0653923927057824,1.0
49d291c1,0.1870229007633587,0.0778385442791994,0.94
7e1af118,0.1775362318840579,0.0586458349896902,0.9
adbf2745,0.1906354515050167,0.0694146794317552,0.96
89489c07,0.1903409090909091,0.0630620292675898,1.0
0d076652,0.1973094170403587,0.0620008544156161,0.96
40fb5efe,0.1651376146788991,0.0672741450185232,1.0
bea50ce7,0.1522388059701492,0.0646907267097383,1.0
ed7ddb89,0.1407249466950959,0.0527715085213144,0.96
032b852f,0.1649122807017544,0.0717853983752701,1.0
8ad0fc6f,0.1676767676767676,0.0628565577831386,1.0
3fc8bd64,0.1619937694704049,0.0649006530348456,1.0
5a127965,0.1842105263157894,0.0714250630651397,1.0
16dc682e,0.1883408071748878,0.0636637112734633,0.98
e4cf6900,0.185,0.06946379890282,0.98
cfe1361b,0.1739130434782608,0.0662108711789003,1.0
6dfd9c32,0.1768707482993197,0.0644575265523458,0.96
bcf02ecd,0.1849865951742627,0.0665489230967474,0.98
0d4c2656,0.1834319526627219,0.0698178961401668,1.0
03c182b3,0.160958904109589,0.0607417009172497,1.0
cac5a94a,0.1751412429378531,0.0662442277087985,1.0
95edbef1,0.1702127659574468,0.0551645236302802,1.0
29f64d14,0.1497120921305182,0.0576396571554116,1.0
5dadea07,0.1924398625429553,0.0735203122307084,0.98
9076a14a,0.1675531914893617,0.0618141062631673,1.0
2a77a85b,0.2149532710280373,0.0630824277168305,1.0
2983e928,0.1314984709480122,0.0471986154511304,0.98
36c95775,0.1924528301886792,0.0554545753192945,1.0
f2e9af5f,0.1618037135278514,0.064931590935671,0.96
0914f1ef,0.1832669322709163,0.0718724223267725,1.0
06e9343a,0.1846590909090909,0.0700059431480795,0.94
e7f3fb19,0.1846153846153846,0.0636119005572147,0.96
b0ded87c,0.1616766467065868,0.0630861750783479,0.94
0f281473,0.171875,0.058426285317291,0.96
4baeb120,0.136150234741784,0.0496267699401031,0.98
ff7aa93b,0.1498470948012232,0.0585745259855426,0.96
c0a755eb,0.16,0.0659629083991545,0.98
1fb50eb7,0.1620553359683794,0.066676486369453,0.98
fe76b942,0.1719745222929936,0.059949982500125,0.98
4aa81a7b,0.1918819188191882,0.077672744984992,1.0
e09b6f78,0.2335329341317365,0.0766065468398828,0.96
73665a1a,0.2264150943396226,0.0640641150582943,0.98
5cc27e71,0.1622418879056047,0.0618601369208262,0.98
56bd17d8,0.1647940074906367,0.068300801666217,1.0
75078997,0.1592505854800937,0.0594148818735696,0.98
189e1ac8,0.16,0.0578170611973495,1.0
7d04e39b,0.2111801242236025,0.0702428824248599,0.96
d942c352,0.203883495145631,0.0761174397417171,0.96
c02afbeb,0.1608040201005025,0.0567907948584473,0.98
17412bcb,0.1699346405228758,0.0669610979583992,0.96
0c5f647e,0.1749347258485639,0.0661354390045597,1.0
7f54ee0d,0.2073170731707317,0.0743068204574898,1.0
aef597bd,0.1471321695760598,0.0571185536863571,0.98
06c8a883,0.1688741721854304,0.0676246526646768,0.98
180a74be,0.1891891891891892,0.0663276444665714,1.0
0793e28c,0.2026578073089701,0.0592553152644234,0.98
514c2b94,0.1878612716763005,0.0722107668499745,0.9
58de49e2,0.1740614334470989,0.0628216093054816,0.98
bc40029e,0.1751592356687898,0.0660329298551634,1.0
8d8dda26,0.2064777327935222,0.0676573975652868,0.96
0a122cfe,0.1596091205211726,0.0621089824153216,0.98
ffc18def,0.1753731343283582,0.0586606664227379,0.98
7bce4b7c,0.2094972067039106,0.0747840929987285,0.92
13338998,0.1867219917012448,0.0685970072326804,1.0
61b6fc4c,0.1609498680738786,0.0595321693369859,0.98
546f5b7b,0.1867704280155642,0.0688502061673536,1.0
4292f6a0,0.1505617977528089,0.0513905123531572,1.0
a787b307,0.1709401709401709,0.0589597228592662,1.0
8a18b627,0.1791044776119403,0.0558563518030816,1.0
35521aed,0.1768953068592057,0.071146663349624,1.0
25711f49,0.1538461538461538,0.0598898609235202,0.96
83c58aea,0.1776859504132231,0.065831071475618,0.96
e4486f2b,0.1856763925729443,0.0709969603347017,0.98
b07d0404,0.1631419939577039,0.0633929512221692,1.0
d0965a85,0.131578947368421,0.0508543869782498,1.0
abe6487c,0.2184873949579832,0.0802671210364861,0.98
aa08a61b,0.1661807580174927,0.0649350230857766,1.0
2d78abc1,0.1981132075471698,0.0652594000007229,1.0
ac2bbda3,0.1522198731501057,0.0562679596934273,1.0
a0c0597a,0.1791044776119403,0.0672578447754294,0.94
1bf2ed5e,0.1792717086834734,0.066277654556126,0.96
1fe44586,0.1559633027522936,0.0645571307725321,0.92
ce3f2099,0.1538461538461538,0.0588671414429747,0.96
af18454f,0.1964912280701754,0.0708324060362526,0.96
59bc9d5d,0.1875,0.0716300534008915,0.98
48a14fe3,0.1969696969696969,0.0712071304391226,0.98
c7bb03bf,0.2,0.0704634240016937,1.0
a38e5fbd,0.1794871794871795,0.0611100031993301,1.0
b06758e5,0.1335311572700296,0.0529678976426903,1.0
638a3197,0.2436548223350254,0.0614087003971147,0.96
02af88fc,0.1964285714285714,0.0688570793270561,1.0
2ec5c0f3,0.1641221374045801,0.0703212066899705,0.98
74b4ed1d,0.1774193548387097,0.0738598629417759,1.0
48c2d457,0.2090163934426229,0.0710509690661704,0.98
7871ab64,0.16,0.0595139866195311,0.96
1cbd1d83,0.1762452107279693,0.0676169986780284,0.94
4b3a235f,0.184931506849315,0.0702343646087694,0.98
9b779d15,0.1753554502369668,0.0676767416152204,0.98
d28458f4,0.1861042183622828,0.067140907651216,1.0
da12133e,0.1517857142857142,0.0520453076381566,1.0
2f316f9f,0.1716417910447761,0.0703532982563124,0.9
167fe626,0.1760299625468165,0.0621415196149238,1.0
e2f61155,0.1641791044776119,0.0685863278277143,1.0
788fd920,0.1622807017543859,0.0627178637738375,0.92
2029b1ac,0.1644562334217506,0.0579541875497338,0.98
e3de1fed,0.1778656126482213,0.0631566396396011,1.0
0f38703e,0.165,0.0622460767760237,1.0
560c11e9,0.1739130434782608,0.0703918897751736,0.96
1526069f,0.1441860465116279,0.0554283007313349,1.0
6be20985,0.1545064377682403,0.0584216907750488,0.96
ff3dfb1e,0.2039660056657223,0.0661742273644779,0.96
71b28f82,0.1908396946564885,0.065428583826741,0.9
2ecbaf0c,0.1686390532544378,0.0560086828365879,0.98
e207e31e,0.1717791411042944,0.0730496614214093,1.0
ee81baa5,0.1993127147766323,0.07445655584757,1.0
baf5c3bd,0.178030303030303,0.0699977550279509,0.98
89ed960d,0.1826347305389221,0.0711764379058814,0.9
7ffe8bd2,0.2167300380228136,0.0656620803215071,0.96
8e809598,0.1282051282051282,0.0510958621409063,1.0
0b2ba5b1,0.1577060931899641,0.0636080286112098,0.92
ce2de7ae,0.1902017291066282,0.0647780271760619,1.0
06642dd9,0.158273381294964,0.0632605482107678,0.96
ddbf8cf1,0.1589595375722543,0.0584883695507771,1.0
7568fc48,0.1814159292035398,0.0674159382295404,0.98
72253866,0.1983914209115281,0.0732104493761399,0.94
6753371b,0.1776061776061776,0.0671810476483683,1.0
c7792ca9,0.1781609195402299,0.0610367843056728,1.0
7ba5bb54,0.2437810945273631,0.070560438105375,0.86
df544dd1,0.2210884353741496,0.0751774321551483,0.9
6f9d86e3,0.144578313253012,0.0591130870058879,0.94
c7fd636a,0.128668171557562,0.0462919277028875,0.94
8af9e6a1,0.1451612903225806,0.0595893919284409,0.98
9346cda3,0.2147887323943662,0.0721836215685202,1.0
ebfdbb3a,0.1920529801324503,0.0801131522093562,0.98
408510f2,0.1389432485322896,0.0529751285264913,0.94
cec8df3f,0.2408163265306122,0.0829383904436922,0.92
4e152dcf,0.1666666666666666,0.0551200916713247,1.0
589cfb4f,0.1939655172413793,0.077751527674765,0.9
6c2ef896,0.1744471744471744,0.0743326092487338,0.96
8389c1b0,0.1785714285714285,0.0641271746075084,0.92
18edc4cf,0.1823529411764705,0.0647231939267715,1.0
1b451301,0.2359550561797752,0.067322997862225,0.92
0f3b2b83,0.1927710843373494,0.06606220066256,0.98
108b8393,0.1950354609929078,0.0745936914384284,0.96
ee786dcf,0.1517412935323383,0.0578065104537243,0.98
e8296563,0.1843003412969283,0.0711161703333537,0.98
e586893f,0.168141592920354,0.0579888547038115,0.96
dfa4088e,0.1958333333333333,0.0714434021246779,1.0
e54378ad,0.1412429378531073,0.0538265499066416,0.98
bd158b65,0.2361111111111111,0.0641594059146963,0.96
531e5ed1,0.1411192214111922,0.0557470514937615,1.0
b92353d6,0.1574803149606299,0.0618602066175138,1.0
99a251b1,0.1943573667711598,0.0692793005608636,1.0
654e5212,0.1847389558232931,0.0763126266215028,0.94
3ffe66e7,0.1237322515212981,0.0462589718620466,0.94
cc4ddef2,0.1559139784946236,0.0613466449906391,1.0
2b63fcab,0.1704918032786885,0.0623552596417549,0.92
fe55200b,0.1883116883116883,0.0698143858392506,0.98
77841c7b,0.1559405940594059,0.0603967920933051,1.0
62a1a96b,0.1635802469135802,0.0669097529302946,0.98
6b942ab3,0.1789772727272727,0.068222169236516,0.96
4719e5e0,0.1806167400881057,0.0603495412299602,1.0
df0a1b6f,0.131578947368421,0.0462868353867507,0.98
3774c5ff,0.1648745519713261,0.0617128916837031,1.0
228ae0db,0.1764705882352941,0.0713233023940952,1.0
7ed53d93,0.1634241245136186,0.0657154462038033,1.0
a959ee36,0.1794117647058823,0.0591913268249889,1.0
babc1d01,0.2264150943396226,0.0643965762306059,0.94
831642d1,0.1764705882352941,0.0590436175265083,0.98
c7b074c3,0.1660377358490566,0.0698690023622861,1.0
93649951,0.1620689655172413,0.0621287881614625,0.96
00b51a6e,0.178030303030303,0.057271251602991,0.96
ad470aed,0.1741935483870967,0.06426875863581,0.98
a8465b12,0.1621621621621621,0.0616166191510253,0.96
45f31b8f,0.1993670886075949,0.0686807003060109,0.94
8203d9da,0.1633986928104575,0.0618782204295125,1.0
48c2969b,0.1694117647058823,0.0658841655457369,1.0
734b7425,0.1954887218045112,0.0603620245823526,1.0
7055751e,0.1796407185628742,0.0681067859314741,1.0
eaa709d4,0.2139303482587064,0.0749748406272139,0.98
366e47a6,0.1570048309178744,0.0602535054767388,0.92
4cbbad59,0.1804878048780487,0.0713091389476963,1.0
b451cc63,0.1484375,0.0490865515339377,0.98
db22845a,0.1721311475409836,0.0600522248972654,0.94
39b8aff8,0.1928783382789317,0.0700373954213614,1.0
90dd00db,0.1828793774319066,0.0621329277289157,0.98
08efb390,0.195729537366548,0.0659329081185314,0.96
c8ad4f81,0.1882845188284518,0.069481095735358,0.96
5a7f9ec8,0.1568123393316195,0.0590907803553767,1.0
9a8b1994,0.1627906976744186,0.0635655290550734,1.0
c15aaa62,0.1662921348314607,0.0668039181717144,0.98
86084330,0.1632653061224489,0.0693767807120673,0.96
bb14cf0c,0.1676470588235294,0.0562164826179835,1.0
8d7e4f02,0.2068965517241379,0.0739128396612641,0.98
6e50689d,0.1863207547169811,0.0669402985375325,0.96
9f993ca4,0.156,0.0671329620465773,0.98
eebd102d,0.1545253863134658,0.0577920966883832,0.94
b2bfecde,0.1705069124423963,0.0579994557404705,0.9
6422c18c,0.1816367265469061,0.0643020692515356,1.0
82e5606e,0.2007874015748031,0.0660861090446507,0.98
ef573f41,0.1566820276497695,0.0609779798614901,0.98
8fad22fe,0.2764976958525346,0.0768914494181761,0.94
244cb178,0.2128851540616246,0.0756060777243844,0.98
fdf5d90b,0.1536050156739812,0.0642038525516528,0.92
37b34a2c,0.1886792452830188,0.0691791181567718,1.0
9dc83c81,0.1702127659574468,0.0666880784376819,0.98
235c7714,0.1869918699186991,0.0715344981647995,0.94
fd6cb4a4,0.1553030303030303,0.0663677268056749,1.0
9a526c3c,0.1223529411764706,0.0504494681675094,0.98
d50c5efc,0.1809815950920245,0.0656720791776025,0.98
ccb938df,0.1683417085427135,0.0686071761986221,0.94
21bbd8d4,0.209375,0.07522152580427,0.94
b142b08e,0.1887417218543046,0.0656721348972505,1.0
71941da6,0.1672862453531598,0.0661359170721899,1.0
870f7fad,0.1734104046242774,0.0611451067850979,1.0
441c0598,0.2035398230088495,0.0616648816185024,0.98
dd5959ef,0.146484375,0.0530705430504819,0.98
ed56d11f,0.2274509803921568,0.0679335231315105,0.94
062d3b79,0.1977401129943503,0.0686516093153897,0.98
5efe5790,0.1767241379310344,0.0640453103561535,1.0
5d378831,0.1469740634005763,0.051050898320762,1.0
e5833c0c,0.1565836298932384,0.0572147710257746,0.96
f113b831,0.1366906474820144,0.0513514704206488,1.0
528c4d69,0.1704545454545454,0.0690873054545655,0.96
cf633a31,0.2185929648241206,0.0774857254819197,1.0
995c16e4,0.1799163179916318,0.0658161878437748,0.98
aeaaa418,0.1744548286604361,0.0622273094394863,0.98
26419504,0.224390243902439,0.0718304837043754,0.98
1342213f,0.1712538226299694,0.0683797967639199,0.98
0a65c284,0.188034188034188,0.0571714447128853,1.0
75f0d210,0.1578947368421052,0.0607870900419632,1.0
bd0cb9c5,0.192,0.0722338872439845,1.0
59e9d88b,0.1432835820895522,0.056009754693987,0.94
b9d082ab,0.2028985507246377,0.0707903667109922,0.96
9b4b0a44,0.1597633136094674,0.0622510769121203,0.98
b7edb63f,0.1714285714285714,0.0643882946082604,0.98
79f19d54,0.1316455696202531,0.054048485008604,1.0
5d84a3fa,0.2251908396946564,0.0596948783218112,1.0
d2ab8315,0.1841004184100418,0.0669626588124535,0.92
f3370476,0.1795918367346938,0.0608432195653442,0.98
24072933,0.1750741839762611,0.0694206950078415,1.0
7df5c628,0.1886792452830188,0.0709263745122131,1.0
2b066727,0.164804469273743,0.059984529014648,1.0
d064edec,0.1626984126984127,0.0645810225837452,0.94
132f51fa,0.1861198738170347,0.0675064426411353,1.0
9c68a172,0.2696078431372549,0.0731061545968886,0.98
43e88f59,0.1618798955613577,0.0632160442050438,1.0
daa0735a,0.1491935483870967,0.0600880694506546,0.98
